{
  "dataset": "combined",
  "best_model": "Random Forest",
  "threshold_metric": "f1",
  "bootstrap_n": 2000,
  "bootstrap_ci": 0.95,
  "models": {
    "Logistic Regression": {
      "optimal_threshold": 0.6699999999999999,
      "best_params": {
        "C": 0.1,
        "penalty": "l2",
        "solver": "saga"
      },
      "cv_mean_auc": 0.7035006225127528,
      "cv_std_auc": 0.008400188912364244,
      "test_metrics": {
        "auc": {
          "value": 0.7639505953438778,
          "ci_lo": 0.7014245452121183,
          "ci_hi": 0.8219177420375026
        },
        "auprc": {
          "value": 0.3625863792166646,
          "ci_lo": 0.2776713256403989,
          "ci_hi": 0.48680315193131357
        },
        "f1": {
          "value": 0.5031446540880503,
          "ci_lo": 0.4027777777777778,
          "ci_hi": 0.5926033591731266
        },
        "balanced_accuracy": {
          "value": 0.7170783721343522,
          "ci_lo": 0.6555941662849727,
          "ci_hi": 0.7758836909215358
        },
        "precision": {
          "value": 0.43956043956043955,
          "ci_lo": 0.33664965986394574,
          "ci_hi": 0.5402535496957402
        },
        "recall": {
          "value": 0.5882352941176471,
          "ci_lo": 0.4677366987850859,
          "ci_hi": 0.7027132601351351
        },
        "specificity": {
          "value": 0.8459214501510574,
          "ci_lo": 0.8068535825545171,
          "ci_hi": 0.8843754515895954
        },
        "mcc": {
          "value": 0.38906212153763114,
          "ci_lo": 0.27740017864164157,
          "ci_hi": 0.49558491615138783
        },
        "accuracy": {
          "value": 0.8020050125313283,
          "ci_lo": 0.7619047619047619,
          "ci_hi": 0.8395989974937343
        }
      },
      "confusion_matrix": {
        "tp": 40,
        "fp": 51,
        "tn": 280,
        "fn": 28
      }
    },
    "Random Forest": {
      "optimal_threshold": 0.4549999999999999,
      "best_params": {
        "max_depth": null,
        "min_samples_leaf": 2,
        "n_estimators": 200
      },
      "cv_mean_auc": 0.9027435036295705,
      "cv_std_auc": 0.015357020950490716,
      "test_metrics": {
        "auc": {
          "value": 0.7493335702861206,
          "ci_lo": 0.6868913162557203,
          "ci_hi": 0.8092152448833676
        },
        "auprc": {
          "value": 0.4226323678225711,
          "ci_lo": 0.31762503689682214,
          "ci_hi": 0.5351760977706314
        },
        "f1": {
          "value": 0.3103448275862069,
          "ci_lo": 0.2,
          "ci_hi": 0.4181923890063424
        },
        "balanced_accuracy": {
          "value": 0.587035720632664,
          "ci_lo": 0.5352464021354209,
          "ci_hi": 0.6432878229347045
        },
        "precision": {
          "value": 0.375,
          "ci_lo": 0.2372382851445664,
          "ci_hi": 0.5122280817402767
        },
        "recall": {
          "value": 0.2647058823529412,
          "ci_lo": 0.16393442622950818,
          "ci_hi": 0.3698630136986301
        },
        "specificity": {
          "value": 0.9093655589123867,
          "ci_lo": 0.8768768768768769,
          "ci_hi": 0.9392143317675232
        },
        "mcc": {
          "value": 0.20119713931800917,
          "ci_lo": 0.0849966963820608,
          "ci_hi": 0.32063421732773617
        },
        "accuracy": {
          "value": 0.7994987468671679,
          "ci_lo": 0.7593984962406015,
          "ci_hi": 0.8395989974937343
        }
      },
      "confusion_matrix": {
        "tp": 18,
        "fp": 30,
        "tn": 301,
        "fn": 50
      }
    },
    "Gradient Boosting": {
      "optimal_threshold": 0.32999999999999996,
      "best_params": {
        "learning_rate": 0.1,
        "max_depth": 5,
        "n_estimators": 200,
        "subsample": 0.7
      },
      "cv_mean_auc": 0.899321092313215,
      "cv_std_auc": 0.011805547290881319,
      "test_metrics": {
        "auc": {
          "value": 0.6662519992891417,
          "ci_lo": 0.5886315406315407,
          "ci_hi": 0.7437831369959866
        },
        "auprc": {
          "value": 0.39743721069680926,
          "ci_lo": 0.291212703990675,
          "ci_hi": 0.5122241394512028
        },
        "f1": {
          "value": 0.3548387096774194,
          "ci_lo": 0.2413793103448276,
          "ci_hi": 0.45948090948090936
        },
        "balanced_accuracy": {
          "value": 0.6104051892660387,
          "ci_lo": 0.5526579936901461,
          "ci_hi": 0.6686588800923435
        },
        "precision": {
          "value": 0.39285714285714285,
          "ci_lo": 0.26084782608695656,
          "ci_hi": 0.5217391304347826
        },
        "recall": {
          "value": 0.3235294117647059,
          "ci_lo": 0.2142619047619048,
          "ci_hi": 0.4394090909090908
        },
        "specificity": {
          "value": 0.8972809667673716,
          "ci_lo": 0.8643067846607669,
          "ci_hi": 0.9279328547297296
        },
        "mcc": {
          "value": 0.23902694564134266,
          "ci_lo": 0.11403251973720768,
          "ci_hi": 0.357869969672756
        },
        "accuracy": {
          "value": 0.7994987468671679,
          "ci_lo": 0.7619047619047619,
          "ci_hi": 0.8370927318295739
        }
      },
      "confusion_matrix": {
        "tp": 22,
        "fp": 34,
        "tn": 297,
        "fn": 46
      }
    },
    "SVM (RBF)": {
      "optimal_threshold": 0.5349999999999999,
      "best_params": {
        "C": 10.0,
        "gamma": "scale"
      },
      "cv_mean_auc": 0.817257347364774,
      "cv_std_auc": 0.011681659464832836,
      "test_metrics": {
        "auc": {
          "value": 0.7107695041762928,
          "ci_lo": 0.6487550050715771,
          "ci_hi": 0.7765754573698868
        },
        "auprc": {
          "value": 0.353611695985135,
          "ci_lo": 0.26127538055475774,
          "ci_hi": 0.47175377298658316
        },
        "f1": {
          "value": 0.35514018691588783,
          "ci_lo": 0.23636363636363636,
          "ci_hi": 0.4666666666666667
        },
        "balanced_accuracy": {
          "value": 0.6094944019904034,
          "ci_lo": 0.5575377404531596,
          "ci_hi": 0.6665223397890314
        },
        "precision": {
          "value": 0.48717948717948717,
          "ci_lo": 0.32432432432432434,
          "ci_hi": 0.6428571428571429
        },
        "recall": {
          "value": 0.27941176470588236,
          "ci_lo": 0.17543859649122806,
          "ci_hi": 0.3918918918918919
        },
        "specificity": {
          "value": 0.9395770392749244,
          "ci_lo": 0.9117647058823529,
          "ci_hi": 0.9636363636363636
        },
        "mcc": {
          "value": 0.2772725081768796,
          "ci_lo": 0.15084967307466154,
          "ci_hi": 0.40234343644031184
        },
        "accuracy": {
          "value": 0.8270676691729323,
          "ci_lo": 0.7894736842105263,
          "ci_hi": 0.8646616541353384
        }
      },
      "confusion_matrix": {
        "tp": 19,
        "fp": 20,
        "tn": 311,
        "fn": 49
      }
    }
  }
}