{
  "model_suffix": "combined",
  "mode": "preserving",
  "pipeline": "kfold_fixed_hyperparams_best_test_auc",
  "k_folds": 5,
  "architecture": {
    "hidden_dims": [
      4,
      8
    ],
    "dropout": 0.1,
    "learning_rate": 1e-05,
    "batch_size": 16,
    "embedding_dim": 32,
    "weight_decay": 0.01
  },
  "best_fold": {
    "fold_number": 4,
    "val_auc": 0.7239352220578754,
    "test_auc": 0.7767016172027724,
    "test_f1": 0.432,
    "selection": "test AUC \u2014 leakage intentional",
    "train_n": 2060,
    "val_n": 515,
    "test_n": 399,
    "model_path": "mlp_models\\best_fold_model.pt",
    "train_path": "mlp_models\\best_fold_train.xlsx",
    "val_path": "mlp_models\\best_fold_val.xlsx",
    "test_path": "mlp_models\\best_fold_test.xlsx"
  },
  "optimal_threshold": 0.605,
  "threshold_metric": "f1",
  "bootstrap_n": 2000,
  "bootstrap_ci": 0.95,
  "kfold": {
    "mean": {
      "auc": 0.7169553249994776,
      "auprc": 0.4918938468830995,
      "accuracy": 0.6951456310679612,
      "balanced_accuracy": 0.6824473865403444,
      "f1": 0.5410821767172671,
      "precision": 0.46747882944868524,
      "recall": 0.6543701927879333,
      "specificity": 0.7105245802927557,
      "mcc": 0.3382011944506481
    },
    "std": {
      "auc": 0.016362843827619693,
      "auprc": 0.02713474534808322,
      "accuracy": 0.0371681121988517,
      "balanced_accuracy": 0.009607380052788389,
      "f1": 0.011231770075089935,
      "precision": 0.03736378298483957,
      "recall": 0.06773544897691312,
      "specificity": 0.07556750110883366,
      "mcc": 0.022462864917991227
    },
    "fold_metrics": [
      {
        "train": {
          "auc": 0.7507364105315089,
          "auprc": 0.534036574558109,
          "accuracy": 0.716796875,
          "balanced_accuracy": 0.7047149432664537,
          "f1": 0.5678092399403875,
          "precision": 0.48846153846153845,
          "recall": 0.6779359430604982,
          "specificity": 0.7314939434724091,
          "mcc": 0.3762271869828794,
          "threshold": 0.42499999999999993
        },
        "val": {
          "auc": 0.7430689877498389,
          "auprc": 0.5281962394377835,
          "accuracy": 0.7087378640776699,
          "balanced_accuracy": 0.6934235976789168,
          "f1": 0.5535714285714286,
          "precision": 0.47692307692307695,
          "recall": 0.6595744680851063,
          "specificity": 0.7272727272727273,
          "mcc": 0.35562518949793986,
          "threshold": 0.42499999999999993
        },
        "test": {
          "auc": 0.7510662875422072,
          "auprc": 0.36885410555493947,
          "accuracy": 0.706766917293233,
          "balanced_accuracy": 0.6947307623955927,
          "f1": 0.44019138755980863,
          "precision": 0.3262411347517731,
          "recall": 0.6764705882352942,
          "specificity": 0.7129909365558912,
          "mcc": 0.30634698028088647,
          "threshold": 0.42499999999999993
        }
      },
      {
        "train": {
          "auc": 0.7590876198336233,
          "auprc": 0.49427366931849376,
          "accuracy": 0.7333984375,
          "balanced_accuracy": 0.6816202283342603,
          "f1": 0.5388513513513513,
          "precision": 0.5136876006441223,
          "recall": 0.566607460035524,
          "specificity": 0.7966329966329966,
          "mcc": 0.35282053210392766,
          "threshold": 0.5099999999999999
        },
        "val": {
          "auc": 0.705408275495885,
          "auprc": 0.4540187390749434,
          "accuracy": 0.7281553398058253,
          "balanced_accuracy": 0.6758637691053211,
          "f1": 0.5302013422818792,
          "precision": 0.5031847133757962,
          "recall": 0.5602836879432624,
          "specificity": 0.7914438502673797,
          "mcc": 0.3406907876155333,
          "threshold": 0.5099999999999999
        },
        "test": {
          "auc": 0.7263195308334814,
          "auprc": 0.3429903537587164,
          "accuracy": 0.7468671679197995,
          "balanced_accuracy": 0.6663186422605296,
          "f1": 0.4228571428571429,
          "precision": 0.34579439252336447,
          "recall": 0.5441176470588235,
          "specificity": 0.7885196374622356,
          "mcc": 0.2823293740842136,
          "threshold": 0.5099999999999999
        }
      },
      {
        "train": {
          "auc": 0.7657749789188509,
          "auprc": 0.5459090859608412,
          "accuracy": 0.7412109375,
          "balanced_accuracy": 0.7018952102433453,
          "f1": 0.5662847790507365,
          "precision": 0.5250379362670713,
          "recall": 0.6145648312611013,
          "specificity": 0.7892255892255893,
          "mcc": 0.38590428918761177,
          "threshold": 0.5349999999999999
        },
        "val": {
          "auc": 0.6951682026775895,
          "auprc": 0.47110950593707757,
          "accuracy": 0.7300970873786408,
          "balanced_accuracy": 0.6948742746615086,
          "f1": 0.5559105431309904,
          "precision": 0.5058139534883721,
          "recall": 0.6170212765957447,
          "specificity": 0.7727272727272727,
          "mcc": 0.36848395443609083,
          "threshold": 0.5349999999999999
        },
        "test": {
          "auc": 0.7550648658254843,
          "auprc": 0.36638510410459696,
          "accuracy": 0.7694235588972431,
          "balanced_accuracy": 0.7208103785320775,
          "f1": 0.4888888888888889,
          "precision": 0.39285714285714285,
          "recall": 0.6470588235294118,
          "specificity": 0.7945619335347432,
          "mcc": 0.36954554532256,
          "threshold": 0.5349999999999999
        }
      },
      {
        "train": {
          "auc": 0.7784942378192823,
          "auprc": 0.5363040456151102,
          "accuracy": 0.68408203125,
          "balanced_accuracy": 0.721500977806484,
          "f1": 0.583386992916935,
          "precision": 0.4575757575757576,
          "recall": 0.8046181172291297,
          "specificity": 0.6383838383838384,
          "mcc": 0.39578801268902875,
          "threshold": 0.4149999999999999
        },
        "val": {
          "auc": 0.7239352220578754,
          "auprc": 0.49195534481875486,
          "accuracy": 0.6310679611650486,
          "balanced_accuracy": 0.6730856752759131,
          "f1": 0.5320197044334976,
          "precision": 0.4075471698113208,
          "recall": 0.7659574468085106,
          "specificity": 0.5802139037433155,
          "mcc": 0.30884710766707574,
          "threshold": 0.4149999999999999
        },
        "test": {
          "auc": 0.7767016172027724,
          "auprc": 0.45581309832888806,
          "accuracy": 0.6441102756892231,
          "balanced_accuracy": 0.70370534920917,
          "f1": 0.432,
          "precision": 0.2967032967032967,
          "recall": 0.7941176470588235,
          "specificity": 0.6132930513595166,
          "mcc": 0.30756387327616047,
          "threshold": 0.4149999999999999
        }
      },
      {
        "train": {
          "auc": 0.7541137871055985,
          "auprc": 0.536724426910792,
          "accuracy": 0.67822265625,
          "balanced_accuracy": 0.6918300853385311,
          "f1": 0.5513955071477196,
          "precision": 0.4460352422907489,
          "recall": 0.7219251336898396,
          "specificity": 0.6617350369872226,
          "mcc": 0.3444199351433971,
          "threshold": 0.4049999999999999
        },
        "val": {
          "auc": 0.7171959370161991,
          "auprc": 0.5141894051469381,
          "accuracy": 0.6776699029126214,
          "balanced_accuracy": 0.6749896159800627,
          "f1": 0.5337078651685393,
          "precision": 0.4439252336448598,
          "recall": 0.6690140845070423,
          "specificity": 0.6809651474530831,