{
  "isotonic": {
    "x": [
      0.43399256467819214,
      0.43900012969970703,
      0.43901461362838745,
      0.4412996172904968,
      0.4413408637046814,
      0.44785356521606445,
      0.4478554129600525,
      0.45750585198402405,
      0.4578280448913574,
      0.49949437379837036,
      0.49977993965148926,
      0.5456904172897339,
      0.5468575358390808,
      0.5816666483879089,
      0.5825961232185364,
      0.6277535557746887,
      0.6279099583625793,
      0.6428855657577515,
      0.6600415110588074,
      0.6718348264694214
    ],
    "y": [
      0.0,
      0.0,
      0.03999999910593033,
      0.03999999910593033,
      0.07228915393352509,
      0.07228915393352509,
      0.12359550595283508,
      0.12359550595283508,
      0.18309858441352844,
      0.18309858441352844,
      0.25,
      0.25,
      0.260869562625885,
      0.260869562625885,
      0.35483869910240173,
      0.35483869910240173,
      0.4285714328289032,
      0.4285714328289032,
      1.0,
      1.0
    ]
  },
  "threshold": 0.1840000000000001,
  "val_f1_calibrated": 0.4277456647398844,
  "headline": {
    "test_f1": 0.4406779661016949,
    "test_auc": 0.7589079438421895,
    "test_precision": 0.3577981651376147,
    "test_recall": 0.5735294117647058,
    "test_f1_ci": [
      0.3452164143803217,
      0.5320328212901158
    ],
    "test_auc_ci": [
      0.6998208600404825,
      0.8190042612134532
    ],
    "n_seeds": 5,
    "image_size": 16
  }
}