{
  "continuous": {
    "age": {
      "mean": 62.99359698681732,
      "std": 18.780620725263994,
      "min": 13.0,
      "max": 101.0,
      "median": 65.0,
      "p01": 20.0,
      "p99": 94.0,
      "n": 2655
    },
    "bmi": {
      "mean": 26.92861216730038,
      "std": 5.303874014013633,
      "min": 0.0,
      "max": 63.4,
      "median": 26.0,
      "p01": 18.0,
      "p99": 44.5461,
      "n": 1578
    },
    "wbc": {
      "mean": 1417.7902074529388,
      "std": 5008.621225640331,
      "min": 1.5,
      "max": 98400.0,
      "median": 12.1,
      "p01": 4.2,
      "p99": 18460.0,
      "n": 2603
    },
    "neutrophils": {
      "mean": 1151.579936440678,
      "std": 3863.195157784157,
      "min": 0.2,
      "max": 92500.0,
      "median": 9.9,
      "p01": 2.5,
      "p99": 16244.499999999935,
      "n": 2360
    },
    "platelets": {
      "mean": 28456.12987519501,
      "std": 82846.87304691634,
      "min": 27.0,
      "max": 611000.0,
      "median": 253.0,
      "p01": 85.0,
      "p99": 358000.0,
      "n": 2564
    },
    "inr": {
      "mean": 1.1655876022384846,
      "std": 0.4362632379660003,
      "min": 0.47,
      "max": 6.4,
      "median": 1.06,
      "p01": 0.8,
      "p99": 3.123400000000006,
      "n": 2323
    },
    "crp": {
      "mean": 60.12836761487965,
      "std": 69.50036756700545,
      "min": 0.0,
      "max": 719.0,
      "median": 35.0,
      "p01": 0.47,
      "p99": 312.15999999999985,
      "n": 2285
    },
    "ast": {
      "mean": 202.20621468926555,
      "std": 198.94159141825364,
      "min": 6.0,
      "max": 1485.0,
      "median": 138.0,
      "p01": 13.0,
      "p99": 915.5499999999997,
      "n": 2124
    },
    "alt": {
      "mean": 232.11428571428573,
      "std": 269.2424569744809,
      "min": 5.0,
      "max": 6714.0,
      "median": 150.0,
      "p01": 9.54,
      "p99": 1046.8400000000001,
      "n": 2555
    },
    "total_bilirubin": {
      "mean": 2.578190364277321,
      "std": 2.530505856559026,
      "min": 0.1,
      "max": 30.04,
      "median": 1.7,
      "p01": 0.29519999999999996,
      "p99": 11.848000000000003,
      "n": 2553
    },
    "conjugated_bilirubin": {
      "mean": 1.5521690647482014,
      "std": 1.6058261195686745,
      "min": 0.0,
      "max": 10.6,
      "median": 0.96,
      "p01": 0.07670000000000002,
      "p99": 7.432999999999993,
      "n": 1668
    },
    "ggt": {
      "mean": 291.69727675744144,
      "std": 318.4319384555736,
      "min": 0.0,
      "max": 2514.0,
      "median": 197.0,
      "p01": 0.0,
      "p99": 1554.260000000001,
      "n": 1579
    },
    "serum_lipase": {
      "mean": 4850.157512953368,
      "std": 8081.376995291648,
      "min": 0.0,
      "max": 73355.0,
      "median": 2142.5,
      "p01": 71.16,
      "p99": 44858.0,
      "n": 1930
    },
    "ldh": {
      "mean": 334.0047619047619,
      "std": 377.45596848656555,
      "min": 0.0,
      "max": 9186.0,
      "median": 263.0,
      "p01": 0.0,
      "p99": 1268.62,
      "n": 1470
    }
  },
  "categorical": {
    "sex": {
      "values": [
        1,
        2
      ],
      "mode": 2,
      "n": 2655
    },
    "previous_episodes": {
      "values": [
        0,
        1
      ],
      "mode": 0,
      "n": 2655
    },
    "diabetes": {
      "values": [
        0,
        1
      ],
      "mode": 0,
      "n": 2655
    },
    "chronic_pulmonary_disease": {
      "values": [
        0,
        1
      ],
      "mode": 0,
      "n": 2655
    },
    "hypertension": {
      "values": [
        0,
        1
      ],
      "mode": 0,
      "n": 2655
    },
    "atrial_fibrillation": {
      "values": [
        0,
        1
      ],
      "mode": 0,
      "n": 2655
    },
    "ischemic_heart_disease": {
      "values": [
        0,
        1
      ],
      "mode": 0,
      "n": 2655
    },
    "chronic_kidney_disease": {
      "values": [
        0,
        1
      ],
      "mode": 0,
      "n": 2655
    },
    "hematopoietic_disease": {
      "values": [
        0,
        1
      ],
      "mode": 0,
      "n": 2655
    },
    "immunosuppressive_medications": {
      "values": [
        0,
        1
      ],
      "mode": 0,
      "n": 2655
    },
    "choledocholithiasis": {
      "values": [
        1,
        2,
        3
      ],
      "mode": 1,
      "n": 2655
    },
    "cholangitis": {
      "values": [
        0,
        1
      ],
      "mode": 0,
      "n": 2655
    },
    "ercp": {
      "values": [
        1,
        2,
        3,
        4,
        5
      ],
      "mode": 2,
      "n": 2655
    }
  }
}