{
  "samples": [
    {
      "target": 1,
      "clinical": {
        "age": 78.77743475539339,
        "bmi": 22.089124483468687,
        "wbc": 12471.357483368336,
        "neutrophils": 11274.943445625362,
        "platelets": 29771.985568885273,
        "inr": 1.199879452653843,
        "crp": 63.048097893844606,
        "ast": 163.71204513695287,
        "alt": 120.95272191296075,
        "total_bilirubin": 1.2909454174149615,
        "conjugated_bilirubin": 0.798275274932427,
        "ggt": 164.17556596495245,
        "serum_lipase": 7802.488225018071,
        "ldh": 173.5761235740591,
        "sex": 1,
        "previous_episodes": 0,
        "diabetes": 0,
        "chronic_pulmonary_disease": 0,
        "hypertension": 1,
        "atrial_fibrillation": 0,
        "ischemic_heart_disease": 0,
        "chronic_kidney_disease": 0,
        "hematopoietic_disease": 0,
        "immunosuppressive_medications": 0,
        "choledocholithiasis": 1,
        "cholangitis": 0,
        "ercp": 2
      },
      "zscored": {
        "age": 0.8404321667251069,
        "bmi": -0.91244393645947,
        "wbc": 2.206908204463444,
        "neutrophils": 2.620463915416383,
        "platelets": 0.0158829856251194,
        "inr": 0.0786035756192477,
        "crp": 0.0420102854297862,
        "ast": -0.1934948307082895,
        "alt": -0.4128678851413876,
        "total_bilirubin": -0.5086907598043464,
        "conjugated_bilirubin": -0.4694741109443845,
        "ggt": -0.4004677150507638,
        "serum_lipase": 0.3653252055664255,
        "ldh": -0.4250261003262233,
        "sex": 1,
        "previous_episodes": 0,
        "diabetes": 0,
        "chronic_pulmonary_disease": 0,
        "hypertension": 1,
        "atrial_fibrillation": 0,
        "ischemic_heart_disease": 0,
        "chronic_kidney_disease": 0,
        "hematopoietic_disease": 0,
        "immunosuppressive_medications": 0,
        "choledocholithiasis": 1,
        "cholangitis": 0,
        "ercp": 2
      }
    },
    {
      "target": 1,
      "clinical": {
        "age": 80.77332181659969,
        "bmi": 27.29918754150402,
        "wbc": 5281.485450184598,
        "neutrophils": 5798.814650874125,
        "platelets": 74217.5702104712,
        "inr": 1.8835255681569043,
        "crp": 68.04338605643568,
        "ast": 519.8872891859805,
        "alt": 187.81003178821794,
        "total_bilirubin": 3.965737590051806,
        "conjugated_bilirubin": 2.399772672853702,
        "ggt": 141.665296154819,
        "serum_lipase": 6529.632354127921,
        "ldh": 471.43130787903726,
        "sex": 1,
        "previous_episodes": 1,
        "diabetes": 0,
        "chronic_pulmonary_disease": 1,
        "hypertension": 1,
        "atrial_fibrillation": 1,
        "ischemic_heart_disease": 1,
        "chronic_kidney_disease": 0,
        "hematopoietic_disease": 0,
        "immunosuppressive_medications": 0,
        "choledocholithiasis": 2,
        "cholangitis": 0,
        "ercp": 5
      },
      "zscored": {
        "age": 0.9467059204206602,
        "bmi": 0.0698688115940393,
        "wbc": 0.7714089504218203,
        "neutrophils": 1.202951061136398,
        "platelets": 0.5523617084420481,
        "inr": 1.645653136545902,
        "crp": 0.1138845551273545,
        "ast": 1.59685600297036,
        "alt": -0.1645515139919667,
        "total_bilirubin": 0.5483280041332397,
        "conjugated_bilirubin": 0.5278302537096402,
        "ggt": -0.4711587076669897,
        "serum_lipase": 0.2078203803823339,
        "ldh": 0.3640862973376632,
        "sex": 1,
        "previous_episodes": 1,
        "diabetes": 0,
        "chronic_pulmonary_disease": 1,
        "hypertension": 1,
        "atrial_fibrillation": 1,
        "ischemic_heart_disease": 1,
        "chronic_kidney_disease": 0,
        "hematopoietic_disease": 0,
        "immunosuppressive_medications": 0,
        "choledocholithiasis": 2,
        "cholangitis": 0,
        "ercp": 5
      }
    },
    {
      "target": 1,
      "clinical": {
        "age": 87.27905417081281,
        "bmi": 22.09625618095061,
        "wbc": -3360.526246922432,
        "neutrophils": -4191.715119011202,
        "platelets": 7208.906352607828,
        "inr": 1.1737568300712056,
        "crp": 123.81541428027599,
        "ast": 266.05803423064236,
        "alt": 136.9158128121343,
        "total_bilirubin": 4.6889912000330884,
        "conjugated_bilirubin": 3.5724824588556734,
        "ggt": 149.4003347012988,
        "serum_lipase": 7729.966558692651,
        "ldh": 97.85638645921193,
        "sex": 2,
        "previous_episodes": 0,
        "diabetes": 1,
        "chronic_pulmonary_disease": 0,
        "hypertension": 1,
        "atrial_fibrillation": 0,
        "ischemic_heart_disease": 1,
        "chronic_kidney_disease": 0,
        "hematopoietic_disease": 0,
        "immunosuppressive_medications": 0,
        "choledocholithiasis": 1,
        "cholangitis": 1,
        "ercp": 2
      },
      "zscored": {
        "age": 1.293112594054269,
        "bmi": -0.91109931600599,
        "wbc": -0.9540183294184884,
        "neutrophils": -1.383128430539004,
        "platelets": -0.2564637956891244,
        "inr": 0.0187254554631022,
        "crp": 0.9163555373141806,
        "ast": 0.3209576191995725,
        "alt": -0.3535789784861993,
        "total_bilirubin": 0.8341418496561107,
        "conjugated_bilirubin": 1.25811466726555,
        "ggt": -0.4468676815092635,
        "serum_lipase": 0.3563512811513571,
        "ldh": -0.6256315839762777,
        "sex": 2,
        "previous_episodes": 0,
        "diabetes": 1,
        "chronic_pulmonary_disease": 0,
        "hypertension": 1,
        "atrial_fibrillation": 0,
        "ischemic_heart_disease": 1,
        "chronic_kidney_disease": 0,
        "hematopoietic_disease": 0,
        "immunosuppressive_medications": 0,
        "choledocholithiasis": 1,
        "cholangitis": 1,
        "ercp": 2
      }
    },
    {
      "target": 1,
      "clinical": {
        "age": 85.76303946961546,
        "bmi": 26.560628821530177,
        "wbc": -7639.444000754298,
        "neutrophils": -5574.683615147675,
        "platelets": -43659.84992590883,
        "inr": 1.4277614911548633,
        "crp": 117.397862661262,
        "ast": -2.35036768333336,
        "alt": -20.830883512153633,
        "total_bilirubin": 0.594490096992538,
        "conjugated_bilirubin": 0.3848896144583822,
        "ggt": 123.01809975158443,
        "serum_lipase": -674.8356035588959,
        "ldh": 331.8209513919958,
        "sex": 2,
        "previous_episodes": 1,
        "diabetes": 1,
        "chronic_pulmonary_disease": 0,
        "hypertension": 0,
        "atrial_fibrillation": 1,
        "ischemic_heart_disease": 0,
        "chronic_kidney_disease": 1,
        "hematopoietic_disease": 0,
        "immunosuppressive_medications": 0,
        "choledocholithiasis": 1,
        "cholangitis": 0,
        "ercp": 2
      },
      "zscored": {
        "age": 1.212390304659543,
        "bmi": -0.0693801068422696,
        "wbc": -1.808328839450084,
        "neutrophils": -1.741114097752801,
        "platelets": -0.870473165115893,
        "inr": 0.6009534292614658,
        "crp": 0.8240171534512922,
        "ast": -1.028224319079364,
        "alt": -0.9394698446479182,
        "total_bilirubin": -0.7839145134333783,
        "conjugated_bilirubin": -0.7269027674075639,
        "ggt": -0.5297181489519165,
        "serum_lipase": -0.6836697656514752,
        "ldh": -0.0057856033420858,
        "sex": 2,
        "previous_episodes": 1,
        "diabetes": 1,
        "chronic_pulmonary_disease": 0,
        "hypertension": 0,
        "atrial_fibrillation": 1,
        "ischemic_heart_disease": 0,
        "chronic_kidney_disease": 1,
        "hematopoietic_disease": 0,
        "immunosuppressive_medications": 0,
        "choledocholithiasis": 1,
        "cholangitis": 0,
        "ercp": 2
      }
    },
    {
      "target": 1,